swhitwam0,785574512-2,Simeon,Whitwam,918-632-0948,3 Londonderry Junction
nmcgillreich1,533781343-9,Nickey,McGillreich,577-280-1126,6 Erie Point
egockelen2,487215775-3,Ewell,Gockelen,550-268-0266,71 International Point
ckluger3,928291558-1,Cosmo,Kluger,590-178-7842,06073 Cascade Pass
jsprott4,692149214-1,Joella,Sprott,711-547-4950,5292 Clove Avenue
rhintzer5,189735185-2,Robbi,Hintzer,330-177-8281,6504 Sunnyside Place
jlongcake6,479539480-6,Jessy,Longcake,138-793-8744,91 Straubel Plaza
dforlonge7,416637252-1,Deanne,Forlonge,635-426-5699,0845 Gateway Parkway
relrick8,507069274-7,Robinetta,Elrick,627-998-5325,6437 Clemons Pass
spapes9,594727936-3,Shandra,Papes,464-937-9129,79221 Oneill Junction
pdensuna,811690984-3,Pammi,Densun,693-392-2515,156 Nobel Terrace
ltribbleb,381347258-2,Langsdon,Tribble,667-903-5065,22 Knutson Place
cstovingc,347329131-5,Cherice,Stoving,374-628-1795,47 Crescent Oaks Street
gnowakd,246915874-5,Giulia,Nowak,756-872-7247,0 Comanche Alley
nlamorte,609386804-4,Nina,Lamort,684-903-7513,6561 Hazelcrest Trail
gtimbridgef,040208572-8,Gale,Timbridge,642-349-5014,7314 Cherokee Terrace
vknibbsg,209095590-2,Vivienne,Knibbs,442-131-8243,842 Kipling Park
calph,894214046-7,Corey,Alp,269-880-9547,568 Marcy Terrace
jkienli,596845043-6,Juieta,Kienl,453-414-7951,79 Jenna Crossing
aclokej,388455936-2,Adam,Cloke,735-467-8570,019 Morning Lane
sleopoldk,122238067-6,Shandy,Leopold,636-883-3914,23 Hollow Ridge Park
wmouncherl,363749845-6,Willabella,Mouncher,759-133-6553,05909 Miller Crossing
svasilkovm,193311940-3,Samara,Vasilkov,875-992-8190,308 Transport Point
kkochln,724455550-4,Kale,Kochl,614-131-8220,202 4th Hill
cjeanino,810439143-7,Constantina,Jeanin,548-629-1696,9 Dahle Place
gbollamp,352842291-2,Galven,Bollam,820-472-5373,08558 Reinke Crossing
pjezardq,812096727-5,Prue,Jezard,622-229-8010,01134 Warner Lane
slemmersr,842702639-0,Stuart,Lemmers,240-550-9964,8 Heffernan Trail
rmalkies,222160684-1,Retha,Malkie,595-413-7765,3 Stone Corner Street
cvardont,122722722-1,Concordia,Vardon,728-634-7100,66157 Pierstorff Point
dhurleyu,349681723-2,Dylan,Hurley,405-864-8175,516 Banding Street
adamiatav,144886864-5,Archibald,Damiata,241-487-1516,0 Harper Parkway
wdhillonw,905866642-5,Wandis,Dhillon,454-427-1599,3 Washington Parkway
dfarriesx,681585822-7,Dyann,Farries,203-466-4496,53166 Hoffman Trail
soeny,162823444-X,Sheffield,Oen,787-302-6068,2841 Morning Junction
dsimmenz,638004116-8,Derk,Simmen,239-952-0588,8 Fair Oaks Junction
rgorriessen10,135649592-3,Remy,Gorriessen,393-747-1696,32961 International Way
ctaft11,107381974-4,Clareta,Taft,628-372-9205,72741 Rutledge Alley
dcolwill12,808705367-2,Dalenna,Colwill,380-439-8263,99 Orin Hill
rbarnbrook13,154085966-5,Royall,Barnbrook,353-242-8247,1 Hauk Hill
lspiers14,797377909-4,Larry,Spiers,139-810-0526,0 Porter Center
rdirand15,683053044-X,Rafaellle,Dirand,996-628-8430,8 Pawling Court
ffaint16,283940499-0,Finlay,Faint,200-436-0841,95974 Spenser Road
afurmage17,314497742-X,Alice,Furmage,902-963-5515,2 Upham Road
lpolsin18,486742345-9,Levin,Polsin,400-159-9750,66552 Veith Circle
wpudge19,509761186-1,Willdon,Pudge,522-771-3630,53 Transport Court
lclavering1a,729358690-6,Linette,Clavering,716-612-9828,6 Bowman Point
dwaldram1b,219327279-4,Dalis,Waldram,477-899-3269,139 Charing Cross Pass
cchapell1c,354742174-8,Caryl,Chapell,222-939-8841,16 Texas Terrace
ecarress1d,546710003-3,Erinna,Carress,455-235-3664,96612 Sullivan Alley
ptolland1e,644369133-4,Paolina,Tolland,672-432-9052,4 Continental Junction
lkillelay1f,251629210-4,Levon,Killelay,651-927-7359,56373 Kim Alley
opeffer1g,234733082-9,Orion,Peffer,746-847-3675,52 Vermont Plaza
cgraffham1h,004512892-8,Chrissy,Graffham,935-925-1189,362 Schiller Place
gstickel1i,783109070-3,Georgette,Stickel,944-966-1975,3167 Hovde Parkway
arouff1j,379483177-2,Allen,Rouff,871-337-8604,683 Shasta Court
vdulwitch1k,051765476-8,Vonni,Dulwitch,259-133-9508,2 Haas Avenue
jadnam1l,637286184-4,Jacynth,Adnam,603-715-1874,6 Arrowood Junction
ggonnard1m,064681441-9,Germain,Gonnard,555-876-8124,76 Glendale Street
tbole1n,511665626-8,Tracie,Bole,810-403-8111,14178 Artisan Way
mknowles1o,137961811-8,Mariejeanne,Knowles,211-438-4480,7 Washington Crossing
hsurmeir1p,979833509-0,Hyatt,Surmeir,741-702-1573,62 Porter Place
astubbins1q,531236259-X,Arney,Stubbins,135-764-6982,30 Stoughton Junction
htheuss1r,652567880-3,Hilton,Theuss,502-532-0321,0 Maywood Pass
lteanby1s,547535886-9,Leda,Teanby,202-330-2492,54348 Linden Point
sbussel1t,278098477-5,Saloma,Bussel,511-250-0823,80276 Loomis Crossing
wcanadas1u,372835997-1,Wolfie,Canadas,423-343-3284,96119 Garrison Point
araund1v,350060718-7,Abram,Raund,134-831-6145,7 Eagle Crest Pass
wmcclaughlin1w,034853376-4,Webster,McClaughlin,874-676-1719,83891 Mallard Trail
trabbe1x,576376407-2,Tanner,Rabbe,349-331-9548,5453 Utah Circle
jbagwell1y,133004197-6,Jamesy,Bagwell,999-928-0106,025 Moland Lane
ehubane1z,068358148-1,Egbert,Hubane,576-225-9259,8495 Burrows Center
emcadam20,573295793-6,Elle,McAdam,782-973-7089,8609 Pleasure Circle
swardall21,957441513-9,Sosanna,Wardall,145-236-3802,641 East Court
rbadrock22,113568869-9,Rozele,Badrock,437-481-1324,843 Reindahl Point
efenech23,621633696-7,Ettie,Fenech,341-302-0363,853 Paget Plaza
wshackesby24,233731784-6,Wilma,Shackesby,177-669-9335,383 Crownhardt Way
cduffield25,227768299-3,Casandra,Duffield,774-856-1594,74 Harbort Alley
sblanchet26,807103229-8,Sherye,Blanchet,492-985-6814,0849 Farragut Alley
kbaulch27,814089657-8,Karisa,Baulch,106-280-4963,9 Vahlen Terrace
lsherer28,221693388-0,Lanni,Sherer,388-956-2239,0728 Talisman Street
chalhead29,726315329-7,Charley,Halhead,411-119-8008,92 Maywood Junction
wgaze2a,563908687-4,Winnifred,Gaze,300-961-0901,3 Rieder Hill
dstrathe2b,801592952-0,Dmitri,Strathe,930-419-0133,68 Bultman Drive
hhowett2c,391495364-0,Hersh,Howett,828-341-8954,174 Hovde Point
pcrain2d,515763049-2,Pierre,Crain,473-675-4451,29 Oak Drive
calekhov2e,175343761-X,Colly,Alekhov,759-497-2976,640 Trailsway Terrace
gwarlawe2f,822068640-5,Grissel,Warlawe,404-967-6893,2957 Lindbergh Park
jgurnee2g,914160179-3,Jannelle,Gurnee,935-732-2600,11565 Di Loreto Place
nowthwaite2h,565205322-4,Natividad,Owthwaite,628-237-3248,5946 Pepper Wood Trail
mbottrell2i,121255655-0,Maurie,Bottrell,443-177-2806,0 Buell Point
jcosans2j,187394001-7,Jaquenette,Cosans,182-712-8827,163 Saint Paul Hill
bcholdcroft2k,997173087-1,Bronnie,Choldcroft,841-810-1124,364 North Lane
jbucham2l,654838046-0,Jedidiah,Bucham,682-808-9673,416 Eastwood Pass
erising2m,261284699-9,Erina,Rising,977-808-0502,701 Muir Avenue
jpascoe2n,013218663-2,Jody,Pascoe,810-808-1903,0 Gerald Avenue
pmorales2o,433773780-4,Pascale,Morales,872-382-0971,4 Springview Street
savrasin2p,019709961-0,Shurlocke,Avrasin,565-403-9216,9 Fairfield Trail
mluciano2q,450450653-X,Merle,Luciano,369-593-3876,629 Ilene Circle
acancellor2r,017760108-6,Avictor,Cancellor,387-895-8833,053 Sullivan Trail
aklishin2s,597864566-3,Almeria,Klishin,337-620-4745,132 Hoard Point
swhitten2t,994493558-1,Stevie,Whitten,627-680-2618,59828 Lindbergh Trail
djoinson2u,719350004-X,Denney,Joinson,458-412-3759,86802 Holmberg Circle
norsay2v,503049933-4,Nicky,Orsay,432-119-0829,0 Hooker Junction
nbothwell2w,495681396-1,Nicholle,Bothwell,652-594-4626,829 Mallory Parkway
banlay2x,118366872-4,Bartholemy,Anlay,819-930-1401,201 Mallard Parkway
kwoollam2y,462045139-8,Karina,Woollam,702-912-8050,3493 Sage Circle
estanistrete2z,629315193-3,Ellswerth,Stanistrete,648-955-1229,682 Debs Point
ktheuss30,951599340-7,Kalvin,Theuss,633-494-9466,4 Morningstar Lane
dslaight31,413293221-4,Damiano,Slaight,230-930-0343,5 Eagan Terrace
hcrosdill32,254129716-5,Horatius,Crosdill,762-608-7564,7 Sugar Plaza
rhopkins33,635176748-2,Rabi,Hopkins,937-685-6809,5825 Barby Court
byesinov34,437804574-5,Benny,Yesinov,795-761-8615,5889 Manley Park
afligg35,449807831-4,Annabell,Fligg,264-556-2655,034 Oak Circle
dgreenalf36,884209822-1,Drucy,Greenalf,378-642-6513,15182 Scott Plaza
bbloss37,137186707-0,Bernhard,Bloss,957-422-8307,741 Westport Plaza
jduffree38,653891807-7,Jany,Duffree,148-509-4241,72893 Union Hill
csimkovich39,781658817-8,Cora,Simkovich,241-741-7294,16519 Lunder Hill
mdwire3a,760172728-9,Millard,Dwire,258-229-3436,45265 Roth Junction
jaingel3b,584668922-1,Jennette,Aingel,505-610-3602,42 Nancy Court
edelayglesias3c,590416018-6,Everard,De la Yglesias,256-665-8962,5 Bultman Plaza
tgiacomoni3d,586975386-4,Terry,Giacomoni,208-471-4031,54 Westerfield Street
mclimson3e,170157392-X,Mina,Climson,772-811-9711,842 Kenwood Park
dmumberson3f,810893315-3,Daune,Mumberson,509-969-2006,68207 Continental Point
abowich3g,221540573-2,Alain,Bowich,962-235-8615,631 Corry Hill
ssnazel3h,033582465-X,Sissy,Snazel,583-480-9848,4403 Dryden Junction
lbetun3i,167024606-X,Letitia,Betun,149-169-8137,213 Redwing Alley
goconcannon3j,133436424-9,Gigi,O' Concannon,871-222-4889,44302 Scoville Road
kbarwise3k,019880793-7,Kathleen,Barwise,420-558-3754,7929 Stephen Lane
roliphant3l,105519435-5,Rock,Oliphant,662-580-1799,16 Fremont Place
cwoodstock3m,304707826-2,Chantalle,Woodstock,995-207-2358,22 John Wall Way
rewing3n,413488583-3,Rhoda,Ewing,658-954-7683,75120 School Pass
lhunt3o,331593730-3,Loella,Hunt,310-979-1177,230 Moose Hill
emacuchadair3p,863754659-5,Elene,MacUchadair,210-962-7034,897 Dorton Plaza
agaffon3q,157728666-9,Alanna,Gaffon,492-336-4120,7248 Myrtle Alley
cchristley3r,030513276-8,Clotilda,Christley,122-472-7960,6 Karstens Park
tbucknall3s,796220271-8,Teddi,Bucknall,829-699-9435,63502 Delaware Avenue
cwordsley3t,257864452-7,Cello,Wordsley,790-764-5406,1 Center Street
gmaccombe3u,456933068-1,Giselle,MacCombe,997-860-0102,6514 Colorado Point
wbesnard3v,946023953-6,Winfield,Besnard,855-599-7554,5 Surrey Pass
ahawkshaw3w,085082237-8,Alyson,Hawkshaw,780-938-5212,63 Ridge Oak Alley
galexander3x,439364368-2,Glenn,Alexander,440-152-1155,0 Hintze Crossing
bblackader3y,881507493-7,Bertina,Blackader,945-294-5675,4783 Hanson Plaza
sbeauvais3z,981320924-0,Shelley,Beauvais,705-919-9819,52819 Arizona Junction
lstannering40,817353091-2,Lindi,Stannering,314-791-2567,64792 Arizona Park
qfarra41,927833646-7,Quentin,Farra,812-298-2686,15 Mccormick Way
aleonarde42,389889428-2,Arnoldo,Leonarde,150-778-2202,14 Garrison Plaza
mkalinke43,411700532-4,Marv,Kalinke,231-142-8165,2573 Oak Terrace
pbakes44,265185187-6,Prisca,Bakes,535-498-3454,2 Anthes Alley
floutheane45,726834997-1,Felicdad,Loutheane,527-529-2764,60 Anhalt Plaza
jwordsley46,065919147-4,Juliann,Wordsley,521-490-9123,399 Kingsford Road
sgoodlad47,509860811-2,Sherill,Goodlad,638-593-0714,99462 Mendota Lane
vtorrance48,762647527-5,Vladimir,Torrance,349-551-7420,935 Ruskin Way
hbetjeman49,917267873-9,Hendrick,Betjeman,804-900-1818,5560 Corry Road
lcattell4a,000098842-1,Lucine,Cattell,882-726-3542,39 Hollow Ridge Junction
kdenniston4b,461524711-7,Karleen,Denniston,839-839-5145,01 Meadow Valley Circle
emuldownie4c,776236746-2,Eliza,Muldownie,883-932-0399,716 Heath Hill
mprobert4d,841241643-0,Mick,Probert,246-444-5280,90 Melody Alley
mlamplugh4e,051606062-7,Maddalena,Lamplugh,711-282-9226,2 Myrtle Place
acorroyer4f,776115776-6,Alistair,Corroyer,605-267-7933,2 High Crossing Park
aeminson4g,216914681-4,Agustin,Eminson,569-479-9651,149 Kedzie Circle
mquinby4h,295940830-6,Martie,Quinby,963-352-2805,3 Washington Pass
madrianello4i,083459168-5,Melitta,Adrianello,726-471-8371,7044 Cottonwood Way
draoul4j,925601166-2,Deanna,Raoul,461-157-9579,4119 Columbus Terrace
hdewett4k,401903140-1,Hermione,Dewett,176-458-7263,0 Gerald Trail
cmorrott4l,903746388-6,Camey,Morrott,501-299-6747,00 Boyd Road
sfortoun4m,191054488-4,Shea,Fortoun,813-638-0129,03558 Pawling Center
gglasby4n,393779153-1,Glynis,Glasby,180-589-6754,161 Eagan Junction
hbarnsley4o,524894330-2,Haslett,Barnsley,393-847-7676,965 Melody Trail
skimblin4p,296321307-7,Stephen,Kimblin,240-421-4728,13 Bonner Point
tmccritchie4q,112473268-3,Teena,McCritchie,664-801-8337,67646 Kings Park
vgiorgeschi4r,255755036-1,Verne,Giorgeschi,124-760-4761,0181 Red Cloud Avenue
ycastagna4s,149518731-4,Ysabel,Castagna,781-507-3902,76447 Erie Court
lgemnett4t,557755189-7,Leeland,Gemnett,777-544-2559,13 Atwood Circle
iledger4u,072717941-1,Ingemar,Ledger,755-414-5776,9282 Independence Junction
nboteman4v,767992177-6,Nikoletta,Boteman,298-917-8974,171 Cardinal Circle
lludmann4w,720721849-4,Lethia,Ludmann,968-997-6544,11 Springs Parkway
vpreto4x,564956663-1,Valencia,Preto,256-302-9967,33 Shelley Pass
gbeesley4y,604051761-1,Gabi,Beesley,750-636-0851,2 Rusk Terrace
aabramof4z,648313367-7,Adriane,Abramof,210-839-5066,2 Helena Way
ssabey50,302947933-1,Seumas,Sabey,637-829-5028,088 Rusk Terrace
semlin51,121873348-9,Stacee,Emlin,970-929-9226,23458 Stang Center
tlutwidge52,442125942-X,Terrye,Lutwidge,411-679-6383,93768 Nevada Avenue
tportigall53,096316321-3,Temp,Portigall,287-747-5643,461 Starling Pass
fscarr54,633689234-4,Florenza,Scarr,972-834-7405,772 Service Lane
rbarwell55,822185381-X,Rosaleen,Barwell,949-350-6014,75 Dexter Drive
mgannaway56,060143477-3,Mattheus,Gannaway,716-591-2734,53 Milwaukee Way
hmulqueen57,385982749-9,Helaina,Mulqueen,514-656-8868,7 Elmside Avenue
sgripton58,036574404-2,Sigmund,Gripton,864-746-3639,50052 Doe Crossing Point
ctitt59,830728785-5,Colette,Titt,880-282-2327,0691 Melrose Drive
eduplantier5a,757113643-1,Edie,Du Plantier,311-137-8499,4 Maple Wood Road
bbeecraft5b,250632158-6,Berne,Beecraft,120-103-8407,5733 Doe Crossing Road
dlantuff5c,208876594-8,Dewey,Lantuff,101-596-9137,7319 Mariners Cove Road
wcansdell5d,074881111-7,Win,Cansdell,907-592-4628,29389 Dawn Alley
gphripp5e,402657668-X,Garald,Phripp,719-644-7781,969 Manley Terrace
sbhar5f,273260165-9,Simeon,Bhar,231-965-2580,6331 Cherokee Place
twitterick5g,763963295-1,Thatch,Witterick,310-575-6712,767 North Junction
dporkiss5h,251778783-2,Dorian,Porkiss,674-375-5711,55 Green Park
trodgman5i,411591621-4,Terry,Rodgman,961-879-1031,8 Carpenter Lane
bdalmeida5j,893328666-7,Bondie,D'Almeida,974-897-8958,0403 Corry Street
yguttridge5k,575427340-1,Yolanthe,Guttridge,264-724-4788,964 Granby Terrace
mgrieger5l,465604710-4,Melesa,Grieger,303-480-1028,39445 Warbler Hill
kvarey5m,168680132-7,Kendall,Varey,794-768-7005,3 Pepper Wood Parkway
lwilman5n,456517730-7,Lizzy,Wilman,745-358-4313,5728 Hovde Street
fcolisbe5o,766382855-0,Frederich,Colisbe,470-283-6803,961 Delladonna Trail
bdeville5p,009436768-X,Bail,Deville,313-419-1015,4187 Schlimgen Way
croddie5q,388654364-1,Christen,Roddie,250-402-4454,08273 Southridge Drive
bgeldeford5r,051685456-9,Bobbee,Geldeford,950-212-3403,0 Fallview Terrace
tdeane5s,603929535-X,Tilly,Deane,755-921-6526,91 Oakridge Trail
cgullan5t,523752284-X,Casper,Gullan,288-758-4923,152 Myrtle Street
wwalsh5u,742675483-9,Warden,Walsh,878-315-5436,60 Cardinal Circle
uroughey5v,370659478-1,Umberto,Roughey,836-227-1820,518 Porter Pass
jstrange5w,737198685-7,Janna,Strange,346-590-8600,1917 Lotheville Alley
bfaulkener5x,104820415-4,Blakeley,Faulkener,401-346-7898,66 Lakeland Junction
cmarriage5y,204290633-6,Cleon,Marriage,130-961-0544,6826 Melody Hill
flogan5z,896091839-3,Ferrel,Logan,784-412-4198,51 Amoth Way
mhinge60,928015257-2,Mohandas,Hinge,147-229-6549,23 Hayes Trail
pbees61,078986655-2,Park,Bees,669-803-9770,2883 Butterfield Parkway
lbecarra62,586777346-9,Larisa,Becarra,750-300-2363,7365 Sachtjen Junction
aoutram63,667482960-9,Andriana,Outram,349-378-9257,2123 Sunnyside Lane
cteague64,656746370-8,Casey,Teague,395-237-1343,33 Westridge Terrace
tdaville65,673392444-7,Tammie,Daville,315-520-9875,3900 Memorial Crossing
smorrel66,673570540-8,Spencer,Morrel,970-269-5643,5922 Hoard Plaza
abarnett67,402607006-9,Aurilia,Barnett,704-364-2919,5 Gerald Point
pseifenmacher68,085398622-3,Petronia,Seifenmacher,230-533-9087,3 Schurz Court
tnettles69,905112210-1,Thekla,Nettles,455-822-0984,2 Toban Street
eknapper6a,485360084-1,Eimile,Knapper,219-704-9763,143 Doe Crossing Junction
kmclarnon6b,464947127-3,Kinny,McLarnon,617-151-5840,8 American Ash Road
kgreydon6c,671394720-4,Kingston,Greydon,801-441-7850,86242 Transport Hill
cbrasseur6d,081672313-3,Celia,Brasseur,811-813-7096,378 Heffernan Avenue
fbudding6e,105011358-6,Franchot,Budding,988-150-5295,9955 Pleasure Road
ccurnucke6f,762327619-0,Clary,Curnucke,295-169-0712,94 Lakewood Gardens Junction
dwillgress6g,758844931-4,Darrick,Willgress,869-888-9333,198 Declaration Point
ggermon6h,621358689-X,Gleda,Germon,675-913-3369,8 Colorado Court
idolder6i,008610910-3,Ira,Dolder,226-585-0273,4 Blue Bill Park Pass
ceustanch6j,886422532-3,Constancia,Eustanch,269-843-0337,455 Shelley Way
rlockwood6k,058808434-4,Rosaline,Lockwood,983-185-5469,7 Commercial Road
zkaret6l,343633888-5,Zacharia,Karet,906-100-7526,7484 Annamark Junction
gbooton6m,428820502-6,Gwenneth,Booton,313-414-5237,15 Warrior Road
foki6n,257661836-7,Farris,Oki,975-432-8325,5 Hanson Way
ecollough6o,740775642-2,Elfreda,Collough,731-344-4715,8 Toban Lane
etwigge6p,980662348-7,Ermengarde,Twigge,962-552-2762,8430 Lakeland Pass
bcorbie6q,901081898-5,Buck,Corbie,352-552-6659,01 Rigney Alley
aayto6r,105114036-6,Arlie,Ayto,919-469-0237,0412 Jenifer Circle
tcosham6s,559376015-2,Tobe,Cosham,612-386-3859,9 Oneill Circle
agravet6t,129944837-2,Allen,Gravet,375-623-0225,05331 Ridgeview Road
emelin6u,260390975-4,Elsbeth,Melin,450-609-5129,18 Surrey Alley
gfalkus6v,369305955-1,Grove,Falkus,425-289-2508,84025 Graceland Junction
kskowcraft6w,423581340-4,Kelcie,Skowcraft,470-939-3253,888 1st Court
sokane6x,160024893-4,Shandee,O'Kane,273-549-8830,149 Green Ridge Junction
klalonde6y,585443413-X,Kerry,Lalonde,125-919-2020,0 1st Circle
hstaddart6z,432095343-6,Hall,Staddart,654-710-5263,726 Vidon Drive
aeslie70,997856462-4,Ailbert,Eslie,674-669-3411,64 Northland Way
bbraizier71,043317742-X,Bell,Braizier,720-388-4040,3374 Vidon Junction
lannesley72,149922220-3,Leicester,Annesley,164-939-8345,79825 Ramsey Way
fputtick73,946770277-0,Farrah,Puttick,209-495-2240,211 Melvin Place
ffernier74,397223926-2,Farra,Fernier,805-232-8679,5771 Almo Lane
kbutteris75,188088621-9,Kipp,Butteris,676-738-1526,1 Waywood Road
hchurchlow76,638736398-5,Hilario,Churchlow,539-373-9611,1 Northwestern Road
eburmaster77,885156922-3,Esme,Burmaster,828-716-2686,773 8th Parkway
dmilligan78,385173618-4,Daloris,Milligan,744-873-8598,15056 Caliangt Court
bwickins79,498068184-0,Bethena,Wickins,491-391-6465,5 Nova Terrace
bcroft7a,283240475-8,Barney,Croft,101-526-8577,2 Fuller Court
jcapper7b,756302064-0,Jervis,Capper,111-341-8786,16703 Knutson Circle
bsoigne7c,572252867-6,Brittney,Soigne,957-569-5835,12 Crescent Oaks Circle
rwildin7d,851138394-8,Roanna,Wildin,210-856-0172,495 Randy Park
ipechacek7e,576670291-4,Imogene,Pechacek,515-721-0514,00284 Heath Junction
gleasor7f,193752603-8,Goran,Leasor,983-619-0351,63 Logan Terrace
emcalroy7g,066732137-3,Ericka,McAlroy,995-167-0540,95989 Acker Junction
ftownley7h,718761000-9,Frederico,Townley,903-723-5819,7427 Golden Leaf Parkway
jbewfield7i,452161042-0,Justinian,Bewfield,410-389-8325,460 Hallows Junction
mbutcher7j,793139109-8,Megen,Butcher,813-438-2852,0 Debra Place
ajoannidi7k,609153176-X,Alister,Joannidi,436-384-3498,89946 American Ash Alley
dfussell7l,877338529-8,Dilly,Fussell,394-282-4602,9819 Waubesa Center
achrishop7m,290635044-3,Ashely,Chrishop,592-902-8634,75382 Clove Plaza
cbelli7n,127008095-4,Chiarra,Belli,697-618-4763,706 Butterfield Junction
ellop7o,510294677-3,Evelin,Llop,557-956-5076,0092 American Avenue
abladge7p,486295525-8,Amelita,Bladge,475-765-9930,1 Kim Point
lfeilden7q,629642832-4,Lionello,Feilden,881-190-4441,73 Esch Center
bduddy7r,006319454-6,Britteny,Duddy,591-263-3651,6630 Pearson Court
amcnamee7s,034660849-X,Annadiana,McNamee,158-420-1264,32869 Lakewood Gardens Trail
skleinschmidt7t,808786114-0,Stu,Kleinschmidt,784-319-1383,5956 Bartelt Center
gvitler7u,702953113-2,Ginger,Vitler,415-545-4164,92 Prairieview Road
ffeehely7v,834465973-6,Federico,Feehely,649-886-6376,299 Crownhardt Park
csine7w,712620369-1,Candace,Sine,455-783-7793,78 Hovde Road
rkirkwood7x,257212239-1,Ronni,Kirkwood,298-204-1630,736 Old Gate Hill
gmckeag7y,557809290-X,Gregory,McKeag,141-764-4812,4 Fairfield Road
edewbury7z,117389557-4,Elwira,Dewbury,716-135-4670,93356 Mallory Court
rpollastrino80,387349382-9,Ruthi,Pollastrino,811-960-6633,0574 Dapin Plaza
lfavel81,739478155-0,Leeland,Favel,152-246-0200,1741 Pleasure Lane
jhalcro82,920180236-6,Junina,Halcro,963-401-5673,05499 Rowland Circle
bshawe83,429785717-0,Bertrando,Shawe,714-339-4446,62 Knutson Place
kfearenside84,518142762-6,Karola,Fearenside,705-264-2706,430 Annamark Drive
fmontel85,945733231-8,Fredia,Montel,749-527-8418,14 Michigan Court
tlangman86,749294747-X,Tobie,Langman,610-972-8657,20736 Butternut Hill
ndreamer87,787813794-3,Nealon,Dreamer,223-175-7406,6374 Fisk Junction
bjancso88,055149494-8,Bryce,Jancso,660-313-1093,7132 Green Pass
afould89,832068245-2,Almeta,Fould,846-552-5899,107 La Follette Circle
esearson8a,064596556-1,Erhart,Searson,523-426-8180,28561 Brentwood Court
ithridgould8b,015220745-7,Ingamar,Thridgould,514-356-4810,76664 Vermont Junction
cprofit8c,850745587-5,Charley,Profit,712-338-1667,33 Jay Junction
gmayhew8d,085739523-8,Gwendolyn,Mayhew,917-370-0292,06 Hazelcrest Pass
kstrugnell8e,573938600-4,Kirstyn,Strugnell,968-911-5807,44 Namekagon Hill
bhartil8f,269680839-2,Boot,Hartil,440-452-4841,8400 Oriole Pass
omaiden8g,780763361-1,Opal,Maiden,834-312-2631,7161 Birchwood Plaza
pkeogh8h,295744424-0,Pansie,Keogh,974-600-0925,21 Pennsylvania Plaza
tgettens8i,235833448-0,Thorpe,Gettens,535-202-2862,21052 Di Loreto Trail
mtrundle8j,020727983-7,Marabel,Trundle,443-707-2635,48671 Goodland Plaza
imickan8k,162834939-5,Ivar,Mickan,107-506-3277,50 Commercial Junction
sjahn8l,223334029-9,Steven,Jahn,634-596-6811,143 Pearson Avenue
shennemann8m,615622563-3,Sheree,Hennemann,433-786-9201,847 Melby Parkway
icoronas8n,869754302-9,Irita,Coronas,955-945-2185,4099 Delladonna Place
khaquard8o,415977210-2,Kahlil,Haquard,795-960-1102,908 Fair Oaks Road
kbampforth8p,817690534-8,Kevyn,Bampforth,505-109-7704,54306 Swallow Alley
epessel8q,480062206-9,Ermin,Pessel,707-996-8823,32158 Southridge Street
ntriggel8r,953825932-7,Nicolas,Triggel,684-665-2943,9 Waywood Terrace
dedmonson8s,408381100-5,Dorry,Edmonson,545-461-6872,24 Welch Trail
gjolin8t,465096894-1,Georgiana,Jolin,983-893-0327,74 Shopko Alley
hbackman8u,791332651-4,Hadleigh,Backman,799-394-5970,9 Anderson Point
vbraham8v,174970148-0,Vinny,Braham,654-881-3431,846 Marcy Plaza
bwinslett8w,719788212-5,Barty,Winslett,588-961-0712,8 Stuart Avenue
slehrmann8x,100920737-7,Sadye,Lehrmann,911-737-9177,51 Sachs Way
hpitchers8y,233096838-8,Hodge,Pitchers,693-530-2909,5147 Transport Lane
mjahncke8z,854159025-9,Modestine,Jahncke,448-532-0436,28298 7th Pass
milson90,847279944-1,Martina,Ilson,118-303-6464,54878 Union Terrace
lmurdoch91,956620395-0,Linn,Murdoch,395-786-7553,94995 Sommers Lane
lotridge92,116915209-0,Lotti,Otridge,237-758-2328,35366 Clyde Gallagher Hill
echurchley93,454326497-5,Evey,Churchley,823-102-8993,7 Everett Street
ibinden94,265585462-4,Ivett,Binden,428-712-1942,6 Stone Corner Crossing
ecraik95,161386874-X,Eugenio,Craik,333-270-3553,4 Red Cloud Junction
oduker96,071293276-3,Oliver,Duker,432-319-8729,3824 Mcbride Plaza
mkryszkiecicz97,065308233-9,Mohammed,Kryszkiecicz,922-724-1057,8713 Arkansas Pass
bmcgooch98,790777098-X,Bonnie,McGooch,556-249-3094,5 Bluejay Circle
cmchan99,994263244-1,Coral,McHan,148-112-0801,51738 Macpherson Way
lbaldick9a,994460072-5,Lonee,Baldick,809-135-4194,6 Canary Street
cmalecky9b,258041203-4,Ciel,Malecky,208-803-5954,01 Warrior Drive
vsharer9c,719016396-4,Viole,Sharer,841-186-7495,588 Leroy Place
jodonohue9d,651736495-1,Jean,O' Donohue,350-887-2122,5893 6th Pass
lriggulsford9e,066910691-7,Lindsey,Riggulsford,570-271-3864,990 Kings Lane
lwhiteson9f,745212549-5,Lynda,Whiteson,252-406-0887,3 Katie Trail
cgarber9g,116879427-7,Carline,Garber,382-266-9882,45877 Pleasure Crossing
hmineghelli9h,776461770-9,Hortensia,Mineghelli,551-792-7557,2683 Hovde Park
tnary9i,517137389-2,Thomasina,Nary,842-497-4215,7 Lyons Plaza
ewalne9j,819497169-1,Edita,Walne,433-360-4043,12 Meadow Vale Place
mcarrane9k,792214467-9,Merry,Carrane,330-878-2905,59533 Melby Street
aprettjohn9l,697337920-6,Aleda,Prettjohn,880-349-1165,9920 Blackbird Place
eszepe9m,660727607-5,Ernaline,Szepe,866-958-8617,4643 Old Gate Pass
hspohrmann9n,002201933-2,Hermia,Spohrmann,308-929-1830,71545 Meadow Ridge Circle
hdurrand9o,135093148-9,Hanni,Durrand,574-609-2720,7 Mayfield Lane
psymcox9p,944328062-0,Pattin,Symcox,454-255-9846,582 Sage Park
dgurney9q,970522622-9,Dulce,Gurney,601-968-5358,31 Luster Place
zklugel9r,290628376-2,Zandra,Klugel,360-960-7914,7 Bartillon Hill
ekolin9s,195892891-7,Estrellita,Kolin,715-241-8088,0 Stephen Alley
bgergus9t,557956031-1,Bertine,Gergus,822-112-6305,1 Northfield Way
dkabisch9u,762121808-8,Doris,Kabisch,764-516-0108,9 Lien Trail
afairebrother9v,054887606-1,Almeda,Fairebrother,454-391-2939,741 Rutledge Trail
jmanus9w,094061364-6,Jeramie,Manus,380-967-2122,93301 Raven Crossing
drigney9x,766768165-1,Dori,Rigney,974-309-6774,74 Saint Paul Parkway
dtibbs9y,663439862-3,Dayna,Tibbs,109-537-8722,30 Cottonwood Street
efairhurst9z,517771834-4,Ethyl,Fairhurst,224-724-6929,9 Debs Way
qwickratha0,979409229-0,Quinta,Wickrath,616-123-1068,4459 Waubesa Point
sharrilda1,880497358-7,Shandy,Harrild,531-966-1800,43 Washington Junction
lphilcoxa2,826258418-X,Lolly,Philcox,479-953-2115,670 Summerview Pass
charuarda3,523209072-0,Corabel,Haruard,641-641-6920,776 Bellgrove Trail
etremmila4,018483561-5,Estel,Tremmil,475-533-5776,692 Sommers Plaza
bbuiea5,998506900-5,Bendick,Buie,967-248-1879,0252 Monterey Lane
cmoulta6,279099487-0,Calla,Moult,685-588-1061,2 Barnett Court
fdivalla7,190330770-8,Felicle,Divall,391-341-4344,666 Merrick Hill
abruhnickea8,500273315-8,Adriane,Bruhnicke,739-806-6738,8817 Heath Avenue
nhausea9,127667697-2,Noelyn,Hause,363-185-3475,5 Hazelcrest Hill
glogueaa,971083589-0,Godart,Logue,998-717-6669,49 Mallard Pass
amilleyab,617253402-5,Audrey,Milley,211-917-4583,57 Mallard Court
rthiesac,734031987-5,Roma,Thies,349-855-0226,452 Jackson Terrace
merwinad,713082517-0,Mahala,Erwin,741-339-7463,7607 Morrow Parkway
gmarjanskiae,180051243-0,Grantham,Marjanski,761-783-3658,50 Monica Plaza
mnagleaf,630257590-7,Mill,Nagle,920-604-9281,27074 Clarendon Lane
mburburyag,185181492-2,Murielle,Burbury,752-894-0183,85029 Talisman Terrace
bcarpenterah,903510908-2,Barnebas,Carpenter,178-527-2075,96706 Eagle Crest Drive
dramsteadai,183472666-2,Delila,Ramstead,292-764-4646,61 Northland Parkway
rtruderaj,569296722-7,Roselia,Truder,159-777-3647,96614 Utah Hill
cellgoodak,748000377-3,Cyrille,Ellgood,230-565-2311,5 Thierer Drive
ccardowal,110158281-2,Constantine,Cardow,654-469-4068,4 Lillian Center
sloughranam,454274607-0,Sybilla,Loughran,230-742-2845,1711 Katie Parkway
rescrittan,318553674-6,Reagen,Escritt,399-592-4538,13362 Mendota Trail
lspellingao,964826069-9,Leonid,Spelling,864-712-0709,9 Eagan Street
jbailap,394347102-0,Jocko,Bail,995-477-4061,1706 Holy Cross Lane
phuttenaq,779697251-2,Prudy,Hutten,280-144-5226,7 Merchant Place
mcattachar,041474103-X,Marty,Cattach,856-165-4657,8520 Stang Way
kricoldas,291273399-5,Kelila,Ricold,623-254-8558,9 South Street
pbouldonat,878246474-X,Pete,Bouldon,366-823-4509,0 Onsgard Street
flewcockau,302916048-3,Flore,Lewcock,177-758-4437,6 Buell Parkway
dbarwickav,278273396-6,Dalli,Barwick,307-728-0648,80 Surrey Circle
mlewtonaw,518261154-4,Miranda,Lewton,192-911-6303,07 Merry Hill
bdingax,053174347-0,Beatrice,Ding,136-378-7416,1 Superior Way
zmcgifforday,284513254-9,Zuzana,McGifford,317-711-1140,8 Veith Way
stootingaz,769310711-8,Saw,Tooting,420-743-7308,77 Waxwing Hill
phurdleb0,634633656-8,Phip,Hurdle,241-784-1843,2 Browning Hill
mmoralb1,635602038-5,Marcus,Moral,680-355-5361,50 Loftsgordon Point
sdaoustb2,773045980-9,Susann,Daoust,854-749-4320,1 Ryan Center
dsimoncellib3,950367007-1,Derward,Simoncelli,672-468-3647,422 American Road
sdonwellb4,365342390-2,Sybille,Donwell,769-168-6515,9462 Rutledge Lane
ktitchmarshb5,629301479-0,Kirk,Titchmarsh,656-151-5752,21729 New Castle Park
ppaalb6,831158404-4,Patten,Paal,618-396-2793,38 Graedel Place
hgostallb7,581948229-8,Hayes,Gostall,570-612-8574,724 Welch Pass
drowbottomb8,607388083-9,Debi,Rowbottom,417-925-4968,77 Comanche Place
dcritophb9,880922547-3,Darb,Critoph,853-273-1013,8 Meadow Ridge Way
cschulkeba,309561471-3,Claudina,Schulke,992-648-4422,99 Farwell Circle
emencobb,968041733-6,Erma,Menco,905-324-6677,782 Derek Parkway
hmcraveybc,727721106-5,Hercule,McRavey,847-627-1789,4729 Prairieview Hill
xgrocuttbd,605653938-5,Xerxes,Grocutt,796-263-0958,37898 Charing Cross Terrace
cralestonebe,951732932-6,Cornelia,Ralestone,727-950-4057,858 Dovetail Pass
jdelapbf,045926974-7,Judah,Delap,238-535-5154,993 Browning Street
acallinanbg,030480713-3,Andra,Callinan,493-473-5231,55501 Macpherson Circle
nverbrugghenbh,982916733-X,Nelia,Verbrugghen,594-874-7517,14330 Stephen Parkway
gadenetbi,253277750-8,Gwenny,Adenet,792-250-3075,110 Loeprich Point
afearnbj,914940183-1,Ari,Fearn,543-432-3362,1 Pankratz Crossing
malldridgebk,808098493-X,Maryrose,Alldridge,855-344-0106,633 Ilene Drive
gjurczikbl,547758031-3,Gill,Jurczik,252-624-1697,2205 Red Cloud Avenue
fsketchleybm,415510463-6,Frank,Sketchley,132-513-0182,3 Morningstar Alley
edouldenbn,760169558-1,Etheline,Doulden,450-162-4325,320 Pawling Junction
lgoldstrawbo,310400537-0,Lon,Goldstraw,538-103-5529,9 Fremont Center
dlowellbp,386861584-9,Ddene,Lowell,113-775-6510,25355 Bunker Hill Way
acornelissenbq,179915400-9,Arda,Cornelissen,741-210-7264,7310 Briar Crest Alley
dallchinbr,969308378-4,Datha,Allchin,438-795-4002,449 Magdeline Park
rinksterbs,341849035-2,Roddy,Inkster,215-350-4949,8 Lotheville Place
calbionbt,436259266-0,Crystal,Albion,580-989-4684,37 Crownhardt Park
hkinnenbu,300383649-8,Howie,Kinnen,627-747-8218,8969 Mandrake Plaza
gnaultybv,000859611-5,Golda,Naulty,707-167-2410,73374 Portage Point
lcalderonbw,642842257-3,Lorant,Calderon,318-564-5357,201 Meadow Vale Circle
blytellbx,462557132-4,Billie,Lytell,964-723-8413,5 Ruskin Park
acollifordby,533384106-3,Alisun,Colliford,971-365-4576,757 Bunker Hill Trail
rbrockwellbz,511945470-4,Rayshell,Brockwell,504-237-0185,907 Forest Dale Hill
gmenelawsc0,081832596-8,Garret,Menelaws,568-930-5127,526 Warbler Hill
jvernic1,175508723-3,Janean,Verni,622-946-8946,419 Cascade Hill
jbrandassic2,777969648-0,Jayson,Brandassi,762-415-2788,334 Larry Terrace
bbackesc3,126326669-X,Brita,Backes,796-808-4140,935 Carberry Park
rtayspellc4,618811937-5,Rip,Tayspell,542-919-8428,522 Anzinger Trail
cmctaggartc5,446331887-4,Clifford,McTaggart,588-415-0179,291 Bartelt Way
snewlync6,638370363-3,Shina,Newlyn,325-134-9583,1746 Scoville Crossing
mbiddlestonc7,226977079-X,Marthena,Biddleston,711-607-5756,96 Badeau Place
wdabbsc8,782736907-3,Waylan,Dabbs,324-105-9241,09268 Bonner Parkway
bgandertonc9,887185387-3,Barbabas,Ganderton,469-993-4881,14 Raven Pass
ggreensideca,903497361-1,Gaye,Greenside,237-410-5265,1028 Barnett Avenue
cgalecb,141728047-6,Cad,Gale,465-460-5136,14709 Dixon Center
pfriesecc,428834687-8,Pasquale,Friese,636-725-2928,3 Kensington Street
akrusecd,556892079-6,Annabelle,Kruse,379-659-3320,797 Mayfield Way
eoscanlance,631100576-X,Emlen,O'Scanlan,506-943-2701,75 Riverside Plaza
tmewrcikcf,601092285-2,Tatum,Mewrcik,198-729-7880,27 Cascade Point
scastelyncg,946929533-1,Salomo,Castelyn,343-174-4540,4 Charing Cross Plaza
lpugsleych,093121577-3,Lucho,Pugsley,831-934-5649,7547 Lillian Center
mwoanci,825035260-2,Meridith,Woan,688-470-8740,3 International Avenue
jdannehlcj,290220793-X,Johna,Dannehl,972-286-7412,321 Grover Hill
kosmarck,505738314-0,Kailey,Osmar,765-169-2957,0019 Knutson Avenue
dgrattancl,550007471-7,Donia,Grattan,626-856-9763,0378 Troy Plaza
dwaitlandcm,522485905-0,Dannye,Waitland,143-569-8422,26174 Sage Avenue
cdamiralcn,285988916-7,Consuela,Damiral,858-843-6851,28861 Monica Way
ctaphouseco,227017973-0,Clarisse,Taphouse,340-282-3357,603 Utah Alley
achimescp,636607905-6,Anitra,Chimes,351-229-8999,37564 Clyde Gallagher Junction
kwillgrasscq,164884543-6,Keefer,Willgrass,880-596-2410,2 Continental Park
keastopcr,407698095-6,Kliment,Eastop,662-541-4116,21274 Colorado Road
mposselwhitecs,390707924-8,Marlie,Posselwhite,547-884-5611,54240 Troy Alley
aolyfantct,660139870-5,Arline,Olyfant,521-506-0167,7758 Bartillon Alley
pkeohanecu,601976299-8,Phillip,Keohane,100-999-2975,22 Forest Run Trail
sskillittcv,199046127-1,Stavros,Skillitt,591-836-5282,8758 Lake View Junction
cellgoodcw,424197468-6,Cyrus,Ellgood,482-357-0361,2 Summit Avenue
cmcmurthycx,360547819-0,Clarette,McMurthy,169-822-6905,4415 Troy Court
xbastoncy,758602947-4,Xerxes,Baston,874-246-5205,8 Toban Circle
asprullscz,167895824-7,Anton,Sprulls,627-331-4048,685 Eastwood Point
nstearnd0,723293635-4,Nicki,Stearn,540-971-2808,48776 Hermina Road
cknobelld1,932409192-1,Chrissy,Knobell,142-200-1365,6 Dawn Park
eellermand2,705036292-1,Evyn,Ellerman,347-350-6165,59 Dakota Street
cbristowd3,103296988-1,Colan,Bristow,633-488-4132,0 American Ash Circle
dkopmand4,646040944-7,Drud,Kopman,304-110-8874,3620 Truax Hill
rgolsond5,130747540-X,Raina,Golson,590-891-0585,63 American Crossing
sshimwelld6,230827538-3,Slade,Shimwell,792-119-4090,4 Anderson Pass
egeorgeond7,866632832-0,Ethe,Georgeon,919-868-2132,50 Nova Avenue
jloderd8,959964885-4,Jake,Loder,767-652-1631,23 Tomscot Circle
hriched9,865146639-0,Hester,Riche,504-130-8886,48616 Glendale Parkway
glittefairda,350286120-X,Gerladina,Littefair,567-209-8582,550 Sutherland Circle
spashbeedb,036116979-5,Shanan,Pashbee,498-152-5553,0121 Reindahl Alley
shumbertdc,007278876-3,Steffie,Humbert,162-663-0529,10 Ridgeview Terrace
achevolleaudd,108732592-7,Asher,Chevolleau,490-764-2522,836 Oak Valley Alley
ebergeonde,118070253-0,Elias,Bergeon,177-488-4834,72 Nancy Avenue
jmacterlaghdf,038379315-7,Jany,MacTerlagh,664-178-6346,3 Corben Crossing
aweatherelldg,356894341-7,Abbe,Weatherell,170-134-8931,70699 Kennedy Drive
dtrouncerdh,730167583-6,Domenic,Trouncer,802-669-3662,69430 Everett Center
vfontelldi,974324886-2,Valerye,Fontell,673-693-0651,7 Sunbrook Terrace
llukockdj,404124577-X,Lorine,Lukock,923-137-1830,86 Shasta Terrace
gmulmuraydk,163090393-0,Gwyneth,Mulmuray,780-270-5059,75761 Comanche Drive
sspeedingdl,898631327-8,Sebastian,Speeding,373-536-6110,920 Spohn Pass
kludydm,618322046-9,Katerina,Ludy,898-293-2877,99 Crowley Road
apeyedn,667431967-8,Arnoldo,Peye,608-150-7080,758 Burrows Court
fnicelydo,136929242-2,Francois,Nicely,865-590-6002,749 Jenna Alley
cgeggiedp,770096653-2,Collin,Geggie,840-406-7582,12 Mandrake Park
tlambertazzidq,101484590-4,Talya,Lambertazzi,567-456-7264,97145 Farwell Way
gnickollsdr,258693240-4,Giselle,Nickolls,901-651-7912,343 Chinook Junction
djordesonds,484485905-6,Danya,Jordeson,735-738-8034,50788 Muir Court
ralbrookedt,964938592-4,Rosemarie,Albrooke,257-943-8078,2300 Twin Pines Pass
rskaifedu,131892469-3,Randie,Skaife,947-728-9397,91093 Nova Place
pkershawdv,109713892-5,Padriac,Kershaw,232-207-6940,7192 Fairview Street
ggoeringdw,720150698-6,Grissel,Goering,305-722-1002,1195 Ridge Oak Lane
imaxwailedx,409388337-8,Isidor,Maxwaile,176-762-5392,07441 Meadow Valley Center
phasleydy,453068495-4,Patience,Hasley,255-254-4585,203 Shasta Junction
nthornsdz,605518854-6,Nicholas,Thorns,870-895-2856,99026 Haas Crossing
lillyese0,084344120-8,Latrina,Illyes,168-338-6090,031 Moland Point
jkeverne1,150464618-5,Jacquie,Kevern,915-307-5208,5187 Lotheville Point
dbibbiee2,966154573-1,Darlene,Bibbie,551-899-6117,4606 North Road
florineze3,829452669-X,Farlay,Lorinez,464-993-2197,01 Shoshone Park
btravisse4,415486677-X,Basile,Traviss,587-691-1724,7 Cambridge Junction
cbeaverse5,005212289-1,Cristine,Beavers,283-519-3508,649 Superior Place
clightbownee6,768003749-3,Crissy,Lightbowne,594-547-8902,06989 Bashford Hill
treolfie7,509325296-4,Tally,Reolfi,596-702-9903,96 Dunning Drive
fhamere8,723751226-9,Florella,Hamer,339-347-6088,193 Dovetail Lane
rdyballe9,566926414-2,Romeo,Dyball,824-459-9900,6097 Schurz Center
eearlea,312352540-6,Elston,Earl,772-283-6671,347 Fremont Center
lmckeweb,211943075-6,Loni,McKew,288-833-8140,7 Sutherland Park
swyerec,461877959-4,Sela,Wyer,933-415-0438,5823 Judy Plaza
mjosted,664973810-7,Merwyn,Jost,699-682-8289,8 Forest Run Street
rfilipovee,858698984-3,Robinia,Filipov,347-272-7411,03 Jana Court
ckitcattef,866393203-0,Casie,Kitcatt,340-887-8309,4 Jay Center
tarleteg,628225273-3,Tanney,Arlet,423-384-6575,7121 Hermina Terrace
abraneeh,753234134-8,Arnaldo,Brane,957-987-4460,4 Havey Pass
mdarkinsei,143654147-6,Myranda,Darkins,213-377-8576,9 Moose Court
ssappsonej,847003636-X,Suzi,Sappson,534-324-5022,1 Butternut Place
lbowfinek,280291456-1,Loise,Bowfin,418-594-3460,01535 Dahle Crossing
rternouthel,905526482-2,Rochell,Ternouth,991-235-5552,0514 Mcguire Terrace
dbellamyem,993125665-6,Darsie,Bellamy,793-532-1999,1 Londonderry Way
pgowansen,982204953-6,Prudy,Gowans,167-696-9116,81 Katie Drive
tfritcheeo,762976981-4,Tabbie,Fritche,119-634-7266,095 Prairie Rose Court
jpearlep,306835923-6,Judas,Pearl,954-952-6656,464 Elka Crossing
ajedrzejkiewiczeq,226796481-3,Abbe,Jedrzejkiewicz,502-754-5724,72924 Rockefeller Way
valexandrouer,584617534-1,Vachel,Alexandrou,875-897-9193,046 Kensington Plaza
sjirickes,602955832-3,Salmon,Jirick,718-205-4000,9489 Northwestern Center
sstatenet,203801069-2,Sheridan,Staten,479-116-3623,4 Blackbird Drive
skingsleyeu,345280185-3,Shep,Kingsley,203-262-9470,7779 Old Shore Plaza
dkarusev,042673406-8,Darlene,Karus,878-652-6270,94933 School Pass
dmayneew,416267273-3,Dode,Mayne,478-928-4666,0 Hayes Lane
abritoex,000231149-6,Appolonia,Brito,200-902-8511,3 Algoma Alley
dcammockey,952178571-3,Dante,Cammock,169-954-8376,4 Old Gate Park
cquinnez,627006778-2,Carlos,Quinn,106-324-6958,96 Kings Point
gbullenef0,842607086-8,Gan,Bullene,338-564-3824,3 Kinsman Plaza
omckeneyf1,747368444-2,Odelinda,McKeney,280-168-0166,9 Valley Edge Place
psparhamf2,839198057-X,Phillipe,Sparham,104-426-7690,9 Farwell Way
mphillpsf3,244150280-8,Mickie,Phillps,828-393-8061,30 Loeprich Avenue
chowseleef4,121964343-2,Costa,Howselee,193-509-1188,8 Hagan Street
ncaslanef5,033664491-4,Natasha,Caslane,610-527-4165,86151 Crest Line Circle
rmurdenf6,787579123-5,Reggis,Murden,880-203-3414,8815 Crest Line Alley
kpalmarf7,238821635-4,Kirstin,Palmar,595-559-9206,07 Katie Drive
dyanelef8,108255947-4,Danna,Yanele,394-150-6609,11 Evergreen Trail
vpinchbackf9,055516259-1,Van,Pinchback,147-551-8932,5 Browning Parkway
lbampforthfa,938606841-9,Lesley,Bampforth,974-471-1493,31 Fulton Parkway
rgiroldifb,677833319-7,Raimund,Giroldi,106-988-5065,67098 Hauk Junction
mcrowthfc,039248296-7,Marjy,Crowth,260-568-8423,4688 Anderson Terrace
asorbiefd,385205837-6,Aileen,Sorbie,502-656-1620,95160 Upham Drive
wcossonsfe,474118325-4,Winonah,Cossons,666-378-0837,78617 Schurz Junction
larangyff,356438271-2,Lazare,Arangy,383-598-2888,9 Canary Place
pweblandfg,115720974-2,Percy,Webland,774-179-4612,6783 Pennsylvania Parkway
rbrickseyfh,862075093-3,Ricki,Bricksey,575-272-5299,9436 Almo Street
otoderifi,811631976-0,Orelle,Toderi,656-964-3550,44091 Walton Place
vhuncotefj,692037308-4,Vito,Huncote,387-236-3492,10 Holmberg Point
dkenyonfk,585535502-0,Danila,Kenyon,612-738-6762,1 8th Center
lnoirelfl,124642328-6,Lyda,Noirel,242-172-5265,3637 Kings Place
rdivillfm,788752570-5,Rollin,Divill,900-620-3657,5969 Pepper Wood Alley
hlaviellefn,905879442-3,Hyacinthie,Lavielle,862-418-1438,5 Anderson Avenue
stunniclifffo,472169695-7,Stillmann,Tunnicliff,662-894-7405,05 Stoughton Center
shullettfp,231088735-8,Seward,Hullett,794-802-6048,862 Kennedy Parkway
tstaynesfq,842539038-9,Tibold,Staynes,531-501-3664,4696 Schiller Avenue
cdensiefr,648905180-X,Caryn,Densie,938-891-8157,5259 Glendale Hill
kkaradzasfs,135972772-8,Kimberli,Karadzas,879-246-2970,6 Hoard Court
mfrandsenft,196993501-4,Morly,Frandsen,734-238-9592,97146 Westport Plaza
tburthomfu,476579301-X,Torre,Burthom,767-973-1330,13 Leroy Avenue
bbelderfieldfv,575744099-6,Bil,Belderfield,918-708-9821,336 Mitchell Circle
swarlandfw,863046829-7,Scott,Warland,564-404-0750,5801 Quincy Pass
bkinghfx,959126562-X,Belicia,Kingh,695-282-1342,6067 Porter Circle
ddorbonfy,262450619-5,Deeanne,Dorbon,479-505-4988,7 Gateway Hill
lmannakeefz,806906741-1,Lorinda,Mannakee,632-865-0021,29 Sloan Hill
kjanjusevicg0,741002707-X,Krystal,Janjusevic,827-919-2608,8671 Vahlen Court
qthornhillg1,027005324-7,Querida,Thornhill,777-734-0616,149 Michigan Trail
asieghardg2,648241705-1,Allissa,Sieghard,229-437-4911,77627 Shopko Drive
zundrellg3,000988170-0,Zara,Undrell,709-350-7460,55 Elgar Pass
hleightong4,124346889-0,Ham,Leighton,360-760-9320,8596 Grasskamp Place
tszymanowiczg5,733097088-3,Thaddeus,Szymanowicz,166-559-6088,425 High Crossing Junction
fthunderg6,582055875-8,Felic,Thunder,784-685-7780,590 Clarendon Point
jdunkerlyg7,233659619-9,Jeana,Dunkerly,261-511-0557,06 Fair Oaks Drive
ahurlerg8,824665885-9,Arthur,Hurler,393-787-1554,7678 Nevada Avenue
eworrellg9,513973435-4,Eyde,Worrell,996-331-4640,54642 Eggendart Plaza
ccarpmilega,308294212-1,Carry,Carpmile,899-217-2902,15 Declaration Lane
ljeannaudgb,235256504-9,Lanni,Jeannaud,963-328-6246,49 Red Cloud Center
triseleygc,980982694-X,Tori,Riseley,968-313-5556,2 Mosinee Alley
gfakegd,217555549-6,Goddart,Fake,169-477-7464,58872 Sage Plaza
mphelipsge,343333531-1,Merralee,Phelips,233-297-0387,977 Sherman Avenue
mralphgf,139995053-3,Myriam,Ralph,226-436-1416,2 Columbus Junction
cnewshamgg,520172504-X,Clint,Newsham,385-739-5780,64 Golden Leaf Parkway
mhawtrygh,756742515-7,Morganne,Hawtry,828-992-0412,820 Anniversary Street
jfaughnygi,341415065-4,Joycelin,Faughny,278-358-5703,4 Lyons Place
rrennardgj,172231637-3,Rickard,Rennard,939-193-7909,41316 Vera Lane
bwallheadgk,331718393-4,Bronny,Wallhead,377-147-6294,155 Gateway Crossing
lstowersgl,217317300-6,Launce,Stowers,994-602-1946,76 Vidon Park
ohowelgm,432632098-2,Olivero,Howel,614-202-8270,38365 Debra Drive
mneubigginggn,233548034-0,Manya,Neubigging,292-630-3003,28 Clemons Center
jyegoshingo,162976906-1,Jerrie,Yegoshin,998-904-2995,4762 Corscot Alley
jblondingp,316472732-1,Jobi,Blondin,477-608-1384,9278 Morrow Crossing
bkiddiegq,576958848-9,Bruce,Kiddie,190-430-4476,825 Scoville Way
mflewingr,021383795-1,Malcolm,Flewin,867-114-3061,1634 Bayside Court
cfullicksgs,631855320-7,Cathi,Fullicks,512-922-0706,090 Thackeray Trail
abeesleygt,437439151-7,Augustus,Beesley,200-395-1600,3430 Weeping Birch Lane
vpitkeathlygu,981041596-6,Vasily,Pitkeathly,344-780-6288,61270 Holy Cross Point
dlookergv,611243503-9,Dannie,Looker,960-719-3218,48 Sutherland Park
lswateridgegw,441239115-9,Law,Swateridge,316-583-2473,89 Knutson Center
rshavesgx,035412590-7,Roland,Shaves,799-332-7670,9927 Southridge Point
aelsaygy,589187820-8,Aaren,Elsay,401-367-7826,3669 Dayton Park
mskuddergz,587744446-8,Magdalena,Skudder,541-458-8990,5757 Sullivan Court
phaddonh0,340390415-6,Pippy,Haddon,571-630-9689,06107 Hauk Plaza
tgregrh1,036057854-3,Tiff,Gregr,516-245-7256,98834 Lawn Center
kfomichyovh2,993144797-4,Kelsi,Fomichyov,535-410-2382,41 Golf Terrace
lstormouthh3,847644233-5,Lurleen,Stormouth,324-615-8529,068 Bashford Pass
psarfattih4,463424543-4,Patti,Sarfatti,585-396-3659,88 Westerfield Alley
miacobonih5,219645369-2,Mame,Iacoboni,814-225-9086,6467 Warrior Park
agirth6,546360178-X,Alexi,Girt,379-470-9176,3 Knutson Lane
hgeorgesh7,535766672-5,Hollie,Georges,981-767-3684,75 Tennessee Circle
chabardh8,752729789-1,Cherilynn,Habard,586-773-8523,3 Cardinal Street
eciottoh9,737044213-6,Earl,Ciotto,135-809-1844,3030 Hovde Drive
gmasarratha,512030623-3,Garrick,Masarrat,659-270-2243,41590 Charing Cross Hill
ldrinkwaterhb,550237682-6,Lizzy,Drinkwater,220-337-2533,8 Del Mar Drive
csamethc,255752283-X,Catie,Samet,439-931-7670,986 Lawn Drive
vjantothd,486541379-0,Vida,Jantot,222-757-1975,539 Carey Lane
csunockhe,731039331-7,Camile,Sunock,144-620-5394,2 Mcguire Crossing
kgorchhf,426531967-X,Karine,Gorch,205-183-9564,22183 6th Park
cscoginhg,256252784-4,Caron,Scogin,609-900-3913,3 Pawling Lane
aclemenzohh,016469063-8,Arvy,Clemenzo,601-762-2840,024 Monument Avenue
hlyardhi,533120739-1,Helen-elizabeth,Lyard,112-128-6816,19 Eagan Plaza
mbirchenheadhj,278421955-0,Maurits,Birchenhead,166-310-1773,374 Vera Way
gmaciejewskihk,688192245-0,Gaylord,Maciejewski,742-919-6441,18676 Aberg Crossing
gjeanethl,666874598-9,Giselle,Jeanet,305-335-2678,94691 Grasskamp Trail
gcornbellhm,170626362-7,Gaelan,Cornbell,798-601-4723,889 Dorton Park
eollerhn,590674980-2,Ezmeralda,Oller,246-909-7391,78 Melody Center
mjeannonho,386585940-2,Maurene,Jeannon,642-288-4236,90754 International Street
jcarmodyhp,715689994-5,Johnna,Carmody,547-828-6533,89 Londonderry Terrace
twestermanhq,116708140-4,Tirrell,Westerman,662-980-2004,057 Anderson Alley
aburniehr,892176137-3,Adham,Burnie,624-721-1934,3470 Beilfuss Center
aguirardinhs,874777679-X,Antin,Guirardin,168-215-9362,3239 Bluejay Lane
qbrusleht,168990881-5,Quillan,Brusle,915-513-1227,620 Granby Court
bgatlinghu,798279865-9,Betti,Gatling,652-931-5615,4 Esker Hill
kkleinbaumhv,759939538-5,Kendricks,Kleinbaum,462-561-3001,5373 Northwestern Crossing
sgelsthorpehw,010822693-X,Sam,Gelsthorpe,904-248-0135,1 Rowland Parkway
tbrislanhx,575184218-9,Tammara,Brislan,124-393-8885,583 Crescent Oaks Road
aahernhy,665186632-X,Abie,Ahern,888-342-0946,33 Judy Lane
dcopseyhz,235207321-9,Doralia,Copsey,385-826-9197,2598 Dryden Center
rrisseni0,319580759-9,Rubetta,Rissen,975-762-2705,13 Lukken Circle
tkmenti1,540243266-X,Trever,Kment,657-925-4445,4738 Jenna Center
astroveri2,094479198-0,Alix,Strover,172-820-6236,74 Straubel Plaza
cfargiei3,974843750-7,Consuela,Fargie,272-755-2559,0 Mallard Junction
sphilloti4,385202671-7,Syman,Phillot,465-861-8315,4978 Meadow Valley Drive
sgregoryi5,072767471-4,Sheff,Gregory,362-816-1316,866 Hagan Pass
cdomotori6,235970015-4,Conny,Domotor,483-222-4962,66 Kinsman Plaza
tholsoni7,674801903-6,Thadeus,Holson,987-954-2098,0 Esch Parkway
kstqueintaini8,640092212-1,Kaylee,St. Queintain,207-991-3740,25 Spaight Junction
bdowngatei9,582770039-8,Binny,Downgate,373-166-9531,4860 Magdeline Center
asmissenia,075500083-8,Arturo,Smissen,163-566-9999,35 Ridgeway Center
jragborneib,215121626-8,Juli,Ragborne,707-127-6686,04 Sugar Pass
smccreadyic,223789084-6,Stephannie,McCready,777-498-8178,93288 Hallows Parkway
tomaraid,925268754-8,Trudey,O' Mara,301-262-7613,079 Straubel Hill
djanicekie,889290009-9,Donnie,Janicek,379-521-0823,56736 Reindahl Way
molletif,520474439-8,Marj,Ollet,934-930-3137,9261 Manufacturers Terrace
mhammerbergerig,839853251-3,Marja,Hammerberger,337-958-6452,1737 Center Plaza
zcurtinih,021931245-1,Zola,Curtin,608-357-1075,86 Eastwood Crossing
kstorrorii,052976591-8,Kevyn,Storror,994-944-0590,2 Barby Lane
amonroeij,003274146-4,Arni,Monroe,589-497-1374,30779 Graceland Hill
ycowinik,139944237-6,Yoko,Cowin,296-765-0193,7207 Pine View Court
fshergoldil,848815310-4,Fabian,Shergold,464-340-5268,996 6th Crossing
jruppelinim,358410130-1,Jannelle,Ruppelin,802-870-4614,84 Waywood Junction
rcrockettin,019208817-3,Ramona,Crockett,490-953-4414,23496 Service Plaza
cpickio,756849793-3,Christian,Pick,891-203-9123,9 International Lane
rboutellip,542493075-1,Rickie,Boutell,314-544-7085,64 Eastlawn Road
mpumfreyiq,904932055-4,Maridel,Pumfrey,770-738-8826,8 Florence Parkway
mhoultir,360924867-X,Melisande,Hoult,428-631-7404,19 Shoshone Center
cbuzineis,096854460-6,Cherie,Buzine,868-866-5581,04 Summerview Place
amarusyakit,426746324-7,Araldo,Marusyak,768-643-5759,9 Merrick Trail
fmattussevichiu,620191384-X,Floyd,Mattussevich,349-809-3234,3 Red Cloud Avenue
fripponiv,319032018-7,Fern,Rippon,363-627-9601,8002 Mitchell Pass
jemigiw,517591065-5,Justina,Emig,957-704-0967,484 Jenna Pass
hbagshaweix,038480929-4,Hillier,Bagshawe,172-402-2863,05 Scofield Center
satleeiy,999635960-3,Stanwood,Atlee,308-774-5170,63120 Green Ridge Circle
ablazeyiz,163182335-3,Analise,Blazey,249-172-2145,8757 Lerdahl Alley
mcomarj0,425363146-0,Marilin,Comar,406-814-6087,56511 Scofield Terrace
cklimukj1,601645436-2,Cal,Klimuk,962-333-4506,1 Spohn Alley
jhainsworthj2,050049857-1,Josey,Hainsworth,852-471-8589,13357 Meadow Ridge Center
tridej3,229133565-0,Tamar,Ride,371-262-6100,4 Heath Park
shenlonj4,144938894-9,Spencer,Henlon,760-440-5691,424 Fairview Crossing
hmorisonj5,624191263-1,Hillery,Morison,801-726-2837,4371 Summerview Trail
bamoorej6,752701988-3,Berkie,Amoore,677-297-6628,1546 Linden Street
jcolesonj7,439475625-1,Jaymee,Coleson,342-203-2122,2725 Eagan Drive
sfantinj8,893191838-0,Shelbi,Fantin,577-266-4573,11 Dottie Street
esortonj9,729247446-2,Emlynne,Sorton,483-357-3249,37 Blue Bill Park Park
zbridieja,118980806-4,Zedekiah,Bridie,591-315-2723,378 Old Shore Pass
esqueersjb,391538673-1,Estevan,Squeers,783-678-4717,27233 Dayton Point
bgrazierjc,733179679-8,Blanch,Grazier,728-170-8408,05033 Old Gate Crossing
kperassijd,187242795-2,Kendricks,Perassi,881-382-9470,1443 Dwight Drive
wevillje,632276612-0,Wilton,Evill,242-624-3041,00 Corscot Hill
egoodwelljf,665920227-7,Emerson,Goodwell,186-384-4371,15442 Independence Court
lsimeonjg,614774730-4,Lonnie,Simeon,516-173-6053,3613 Nevada Center
mrasmusjh,864450985-3,Munroe,Rasmus,350-975-4151,86538 Express Drive
lserraillierji,539232057-0,Lottie,Serraillier,943-929-8734,89132 Doe Crossing Alley
hfancejj,279427085-0,Haywood,Fance,622-830-6133,64 Cordelia Way
mholahjk,011972020-5,Margarete,Holah,486-540-1827,62810 Merry Street
tfabryjl,956029371-0,Thane,Fabry,786-975-6272,3359 Darwin Circle
ipavisjm,756053966-1,Ingrid,Pavis,546-398-5803,8 Butterfield Trail
edebilljn,369152525-3,Estel,Debill,622-386-2093,44 Troy Place
eeldrettjo,703792358-3,Ernie,Eldrett,696-813-0049,87 Ilene Terrace
zharlandjp,725766645-8,Zondra,Harland,484-757-0772,3 Hansons Court
jsmeetonjq,348394041-3,Joan,Smeeton,330-715-7974,4 Harper Junction
cbeneditejr,809716409-4,Charmine,Benedite,199-776-0495,8321 Pennsylvania Parkway
glowejs,532394970-8,Greta,Lowe,460-850-4788,642 Esker Court
sfaltinjt,544512648-X,Sigmund,Faltin,983-267-6042,84139 Tennessee Plaza
jflackeju,809566716-1,Janella,Flacke,170-970-3359,483 Stuart Lane
hwynesjv,930665174-0,Harriet,Wynes,193-472-3790,209 Nobel Terrace
wlowdianejw,466320115-6,Wildon,Lowdiane,821-405-9678,67 Scoville Point
twoolardjx,183026873-2,Trista,Woolard,330-893-1122,84 Acker Place
bwaistelljy,246339972-4,Bunnie,Waistell,537-883-9539,44080 Prairieview Junction
egollinjz,716954663-9,Estell,Gollin,229-487-1199,053 Esch Parkway
sbompask0,222428628-7,Sharline,Bompas,887-452-9149,9808 Schlimgen Drive
jmanuellok1,097486010-7,Joyann,Manuello,656-828-2817,120 Buhler Junction
bgrahamk2,871937142-X,Barny,Graham,558-540-9533,01783 Golf Lane
lmceniryk3,604267145-6,Ladonna,McEniry,247-558-3859,998 Bonner Drive
cjoderk4,968463902-3,Corabelle,Joder,923-409-6747,8222 Heath Plaza
rstanneyk5,725114844-7,Rudy,Stanney,274-973-9400,81735 Hovde Alley
skermeenk6,710811441-0,Sophey,Kermeen,219-552-0035,5 Esker Drive
ckingstnek7,583668462-6,Cordula,Kingstne,689-513-7469,35371 Blackbird Trail
bmarkingk8,409960180-3,Billi,Marking,198-238-8272,388 Sunbrook Center
bmeiningerk9,473048604-8,Bertram,Meininger,431-354-9097,4745 Westridge Way
sweetchka,982234984-X,Shae,Weetch,858-176-8679,01730 Lakewood Gardens Plaza
pferraracciokb,841393914-3,Pris,Ferraraccio,667-387-2183,4 Del Sol Circle
gwhitehornkc,251507861-3,Gaylor,Whitehorn,867-697-6618,75 Starling Avenue
gwileskd,076149054-X,Gilbert,Wiles,989-858-6555,0768 Leroy Drive
vgibbeke,065867552-4,Vitia,Gibbe,646-392-3696,183 Nova Parkway
bmccloidkf,674745478-2,Beatrice,McCloid,289-329-5725,7 Garrison Crossing
cdurdankg,100168130-4,Cobby,Durdan,216-607-1585,2 Pearson Avenue
bgossipinkh,693012634-9,Bel,Gossipin,851-385-7854,45 Clove Avenue
smcgiffinki,709211138-2,Stefa,McGiffin,139-767-0218,275 Everett Point
gjallinkj,488406245-0,Gerik,Jallin,358-870-9999,1 South Parkway
pswatradgekk,393632676-2,Pebrook,Swatradge,233-448-4421,86647 Barby Trail
sfenechkl,060105538-1,Samuel,Fenech,591-966-2952,1 Maryland Place
elingekm,997064603-6,Evonne,Linge,549-632-0191,386 Donald Street
bbremmellkn,751261833-6,Broderick,Bremmell,682-867-8942,801 American Ash Junction
rbuieko,758746195-7,Rees,Buie,336-530-9247,5911 Larry Avenue
vbloodworthekp,327139363-X,Vilma,Bloodworthe,698-732-7966,64928 Fisk Parkway
lgallifontkq,432674441-3,Lisette,Gallifont,896-713-1554,678 Westridge Road
cbeszantkr,539045466-9,Caroljean,Beszant,635-954-2429,5313 Vidon Crossing
kwintersonks,388528761-7,Keslie,Winterson,565-236-0653,53 Morningstar Point
lgodainkt,131537207-X,Lenore,Godain,647-883-0365,60 Tennessee Parkway
rhaineyku,693279068-8,Robinet,Hainey,239-927-1925,42698 Killdeer Drive
aeusticekv,361802603-X,Ariella,Eustice,985-170-8154,3790 Graedel Terrace
rlanonkw,502740854-4,Rianon,Lanon,840-942-8221,8124 Toban Parkway
scradykx,042525044-X,Serena,Crady,509-454-6943,20230 Hauk Crossing
gwemky,815261057-7,Gavin,Wem,953-598-8868,6517 Michigan Road
dsonghurstkz,525571712-6,Dorice,Songhurst,245-115-4948,51294 Tennessee Plaza
otollowl0,972494229-5,Olva,Tollow,534-373-3613,66 Judy Crossing
aconduitl1,651743508-5,Angelika,Conduit,271-396-0228,24 Nelson Alley
fgosslingl2,607594433-8,Florenza,Gossling,222-453-8328,08 Boyd Court
jcofaxl3,838424279-8,Jemie,Cofax,855-308-5259,390 Sundown Street
hwestwickl4,790705317-X,Haleigh,Westwick,815-998-4696,33599 Golf Circle
fgrcicl5,168359994-2,Fidela,Grcic,958-370-3835,98074 Dottie Park
aamblerl6,776439586-2,Aurlie,Ambler,639-355-6527,32 Messerschmidt Pass
hadderleyl7,709946324-1,Hanna,Adderley,109-549-5815,1064 Debs Pass
bperkinsl8,870930928-4,Brunhilda,Perkins,545-620-9415,8446 Butterfield Road
pkolakowskil9,398677557-9,Parry,Kolakowski,444-921-0545,1298 Kinsman Place
mbensonla,317547229-X,Manuel,Benson,489-458-7784,64419 Northridge Court
dtayloelb,051443330-2,Dasi,Tayloe,307-682-6654,3 Troy Circle
cgrinyovlc,982664283-5,Charo,Grinyov,730-440-5700,5 Hansons Drive
evigarsld,953210792-4,Elmira,Vigars,895-922-8379,193 Old Shore Road
ajoanaudle,790358298-4,Andonis,Joanaud,386-523-9135,935 Grim Avenue
wwhorflf,136706053-2,Winna,Whorf,764-300-5719,065 Macpherson Way
wkalkerlg,258088152-2,Walt,Kalker,596-619-6379,9146 Lunder Crossing
mdennicklh,587264874-X,Melesa,Dennick,844-703-6152,854 Declaration Point
rbarenseli,695773188-X,Renaud,Barense,413-181-8945,74 Burrows Hill
ndarthelj,727705264-1,Nikita,Darthe,523-212-0778,7 Summer Ridge Court
trizzardinilk,726729169-4,Trixie,Rizzardini,361-358-6344,0 Roth Center
wesleyll,879412668-2,Willard,Esley,397-248-9716,5989 4th Park
sbahlmannlm,538387951-X,Sunny,Bahlmann,387-912-5316,8 Colorado Court
nwikeyln,286583488-3,Nicolis,Wikey,836-341-6127,536 Stephen Street
fricciolo,246885460-8,Fey,Riccio,942-943-2637,11 Riverside Avenue
tsandwithlp,907158688-X,Tommi,Sandwith,235-142-0767,004 Warner Way
rlaxtonnelq,511911733-3,Raquela,Laxtonne,465-593-1131,029 Rowland Trail
eduiganlr,967192677-0,Erek,Duigan,483-496-1134,573 Manitowish Hill
jaldgatels,615104432-0,Jasper,Aldgate,149-945-4515,034 Clarendon Trail
ilamploughlt,692240421-1,Izaak,Lamplough,660-657-9185,4974 Sachtjen Pass
clillemanlu,756080011-4,Chaim,Lilleman,640-543-6235,618 Grover Street
dmatthessenlv,012774676-5,Dulcine,Matthessen,195-225-7652,38245 Almo Way
chenkelw,444482732-7,Correy,Henke,133-817-4927,468 John Wall Lane
groadslx,116414093-0,Garv,Roads,650-676-1007,4513 Northview Way
ifischerly,097430490-5,Izabel,Fischer,770-531-4168,6 Crowley Crossing
lrihaneklz,571316947-2,Leonidas,Rihanek,163-711-3092,93740 Linden Park
fvyvyanm0,039636451-9,Freedman,Vyvyan,786-658-6715,95 Bartelt Court
dredsullm1,379631815-0,Delmar,Redsull,899-396-3816,815 Florence Plaza
abrightym2,141550367-2,Avivah,Brighty,537-527-8440,11 Prairieview Hill
apeizerm3,913009778-9,Antonie,Peizer,258-767-5309,84803 Hudson Center
mriseleym4,683169878-6,Marie,Riseley,604-769-1180,2 Express Parkway
pmacdearmidm5,523720537-2,Pierrette,MacDearmid,772-579-2967,1 Jenna Junction
bwyliem6,245271406-2,Beverley,Wylie,381-291-6360,24861 Buell Pass
edukem7,918939425-9,Eveleen,Duke,562-891-4800,3985 Hallows Parkway
ocorstonm8,710266160-6,Opalina,Corston,218-370-5179,54112 Veith Parkway
cshieldsm9,839035997-9,Cece,Shields,738-858-1735,007 Loomis Point
dabbisonma,382209568-0,Dorita,Abbison,599-105-7301,1198 Meadow Valley Junction
odinningmb,695323730-9,Orbadiah,Dinning,568-168-1308,4 Carberry Drive
bstottmc,787072453-X,Bellanca,Stott,452-540-9490,0 Nelson Avenue
xottonmd,766776859-5,Xymenes,Otton,850-204-8509,115 Elka Terrace
dattewillme,056071036-4,Doti,Attewill,683-519-9166,02492 Scoville Plaza
tkleinermf,499236649-X,Theodosia,Kleiner,178-969-1527,0 Dennis Parkway
salbenmg,123482403-5,Sarah,Alben,814-155-8236,393 Upham Court
mgarbermh,140854787-2,Marcia,Garber,999-560-2144,70976 Mandrake Parkway
bconnechymi,797760138-9,Brannon,Connechy,948-676-4549,4 Katie Plaza
hnestormj,130222448-4,Hildegarde,Nestor,544-466-8966,5506 Ridgeway Trail
edonnettmk,881449608-0,Ebba,Donnett,430-431-3700,88 Maywood Street
ajoshamml,129667982-9,Adah,Josham,120-534-4646,998 Melrose Road
kduthiemm,587529636-4,Kelwin,Duthie,620-773-3793,6162 Ridge Oak Place
pcollabinemn,416355058-5,Pepe,Collabine,103-168-6739,030 Farmco Alley
emckailemo,330157359-2,Em,McKaile,712-457-6201,77339 Gale Junction
klinnemannmp,270495040-7,Kasey,Linnemann,624-812-4121,49106 Oak Valley Plaza
noliverpaullmq,922852892-3,Nikoletta,Oliver-Paull,323-475-0713,143 Green Parkway
amacmichaelmr,990102031-X,Althea,MacMichael,609-632-4763,2646 Morning Circle
rbompasms,070757377-7,Ramon,Bompas,180-333-3215,4 Eastwood Place
sangrockmt,907456030-X,Selestina,Angrock,924-106-7551,53365 Bashford Pass
jdredgemu,248264198-5,Jethro,Dredge,277-250-4964,505 Tennessee Hill
nupstellmv,683428869-4,Newton,Upstell,106-429-1351,60 Springview Park
bmannsmw,758462304-2,Brigitta,Manns,842-407-7421,65639 Northwestern Plaza
wschiesterlmx,464072782-8,Wolfie,Schiesterl,824-261-5120,9 Fremont Trail
lharriesmy,499369223-4,Lowe,Harries,717-459-2517,3709 Butternut Place
kbamlettmz,526761380-0,Kahaleel,Bamlett,293-690-4337,32204 Del Sol Trail
lrustann0,942559024-9,Lise,Rustan,250-313-8443,151 Lunder Terrace
sgravenalln1,918318601-8,Sherman,Gravenall,729-880-6840,011 Muir Trail
vbaynsn2,831338847-1,Vilma,Bayns,420-839-9917,991 Aberg Alley
atetthern3,780560666-8,Avram,Tetther,520-794-7922,76733 Dayton Crossing
sgiacomuzzin4,194542364-1,Shepard,Giacomuzzi,681-465-3931,0 Milwaukee Trail
rhurnen5,721463977-7,Rafaello,Hurne,592-722-5395,5 Acker Junction
cdreschlern6,375316349-X,Chrisse,Dreschler,312-732-7236,47 Packers Terrace
vfridlingtonn7,109848080-5,Veriee,Fridlington,742-683-8458,762 Leroy Hill
tsalzburgn8,237239360-X,Tull,Salzburg,195-783-4139,3 Eagan Trail
jprentyn9,351322319-6,Johanna,Prenty,561-564-8726,9 Hooker Drive
klatena,512184423-9,Kaspar,Late,799-894-6099,97565 Burrows Road
lchittleburghnb,701153640-X,Leandra,Chittleburgh,200-926-5126,5368 Hintze Street
jlongthornnc,536576099-9,Jone,Longthorn,410-457-3504,2636 Melvin Trail
bsabennd,276825522-X,Beck,Saben,157-911-1224,6906 Ridgeview Plaza
aticknerne,737503044-8,Amabel,Tickner,422-857-2335,1 Oneill Circle
mheggisonnf,432369298-6,Marcile,Heggison,626-618-0707,6 Waxwing Crossing
gamiableng,895978288-2,Garner,Amiable,578-887-8418,0 Dryden Alley
dodonovannh,294797068-3,Danila,O'Donovan,264-743-0941,0410 Bay Crossing
taizlewoodni,009363159-6,Trumaine,Aizlewood,496-598-3813,740 Clyde Gallagher Plaza
ggundersonnj,023920231-7,Glen,Gunderson,221-276-5446,4 Bellgrove Circle
mantleynk,791493808-4,Mohandis,Antley,974-244-7380,283 Cherokee Drive
abardenl,744093779-1,Ario,Barde,227-455-7866,7 Portage Trail
fmquhargnm,078748771-6,Francois,M'Quharg,412-378-1344,004 Almo Lane
carrolnn,783665421-4,Claiborne,Arrol,918-416-8818,1902 Miller Parkway
wworthyno,196537966-4,Wiley,Worthy,775-343-3922,31 Grover Street
scridlannp,219059492-8,Stacee,Cridlan,911-151-8033,26149 Swallow Center
ymanochnq,431841298-9,Yves,Manoch,783-549-7591,45 Toban Trail
swesselnr,773815897-2,Skell,Wessel,399-992-8953,63 Westridge Parkway
dmckinnonns,604426913-2,Diann,McKinnon,853-295-5309,59114 Crowley Place
wshrimplingnt,133079874-0,Wendall,Shrimpling,630-488-7230,18 Clarendon Place
btollfreenu,003404553-8,Boonie,Tollfree,314-174-5296,0655 Prentice Lane
kroddennv,350413381-3,Karly,Rodden,233-444-9945,8 Badeau Avenue
lbaroknw,007076955-9,Lu,Barok,998-235-9438,16 Aberg Hill
lmoennx,531774431-8,Lance,Moen,706-364-9527,774 Bashford Parkway
mferencowiczny,712116227-X,Mikol,Ferencowicz,736-803-1164,3 Caliangt Trail
cdennynz,921437208-X,Curran,Denny,687-984-8814,0 Chive Alley
ibarkawayo0,746598461-0,Isabelle,Barkaway,410-153-6064,432 Continental Plaza
trubinfajno1,959340416-3,Trefor,Rubinfajn,753-128-0963,3892 Debra Hill
mnaryo2,240259521-3,Morry,Nary,406-763-0362,51783 Maywood Hill
pludlammeo3,557423289-8,Peggi,Ludlamme,967-618-3201,5 Morrow Crossing
pbecko4,041111256-2,Pollyanna,Beck,164-361-0531,616 Westridge Avenue
igiordanoo5,677555590-3,Isabelle,Giordano,572-619-3230,61790 Anniversary Hill
eballhamo6,867972129-8,Egbert,Ballham,650-589-8529,07616 Troy Alley
cdewickeo7,320680715-8,Clarisse,Dewicke,938-950-3806,3 Jana Place
dlagrangeo8,425310180-1,Deanna,La Grange,211-485-7530,23 Pepper Wood Lane
dhonywillo9,714218262-8,Dominik,Honywill,862-761-9853,84 Elgar Alley
dwasielewskioa,041276335-4,Dorene,Wasielewski,447-401-3198,6903 Elka Junction
cdealob,781001616-4,Chantal,Deal,314-807-4410,5548 Ridgeview Street
egunneyoc,952365940-5,Elysia,Gunney,657-418-0689,597 Kipling Point
kawtonod,237162147-1,Kimberlyn,Awton,492-402-8435,50381 Sheridan Circle
pmollisonoe,629427555-5,Poul,Mollison,288-439-2259,74339 Mcguire Junction
ktejadaof,121480050-5,Keary,Tejada,525-702-9935,08 Ryan Park
dorchartog,170688788-4,Donnamarie,Orchart,920-662-5685,5345 School Pass
fjeannotoh,484270604-X,Frans,Jeannot,488-483-4840,92 Starling Hill
tmocqueroi,770871001-4,Trstram,Mocquer,222-508-7857,8 Homewood Terrace
ashillitoeoj,459350416-3,Arliene,Shillitoe,957-556-4909,84 3rd Way
bbulstrodeok,361995821-1,Barbie,Bulstrode,831-907-5952,94 Vernon Parkway
emulqueenol,351942576-9,Elvis,Mulqueen,202-980-2507,87 Maple Wood Pass
rfaradyom,766279311-7,Remington,Farady,188-695-4520,7 Hovde Park
skockon,710136232-X,Staford,Kock,901-781-6325,5277 Parkside Trail
gplewmanoo,608650020-7,Gwennie,Plewman,460-339-4266,5 Fisk Point
stookeyop,323450038-X,Sandro,Tookey,972-641-6933,6224 Charing Cross Way
shaweoq,949779967-5,Sargent,Hawe,935-297-1620,8197 Loomis Junction
nkeymeror,543080396-0,Nathanil,Keymer,251-313-1769,383 Scofield Terrace
acrinsonos,848704159-0,Alfredo,Crinson,506-588-0394,72680 Longview Terrace
dscottingot,372782757-2,Dorothy,Scotting,823-620-5335,86 Farwell Way
acloseou,259216370-0,Ardene,Close,295-950-3933,30870 Bashford Court
rroubyov,389713758-5,Rosaline,Rouby,102-543-7488,35 Oxford Parkway
smarcoolynow,170604569-7,Sapphira,Marcoolyn,604-333-4633,8430 Trailsway Crossing
iduddellox,546682601-4,Idell,Duddell,274-622-1743,033 Pleasure Way
spriteroy,890135412-8,Shelia,Priter,561-781-6215,43486 Brickson Park Terrace
kchamoz,228685313-4,Kasey,Cham,554-695-9187,27117 Kennedy Circle
rantonomoliip0,490569539-2,Regan,Antonomolii,217-780-1037,5 Sommers Point
fpaulinop1,512799345-7,Filmore,Paulino,664-324-7384,55 Cherokee Court
radinp2,901839332-0,Rickie,Adin,971-834-3235,56 Delladonna Pass
bkeransp3,385320588-7,Bea,Kerans,557-895-3361,83749 Huxley Drive
dsheerp4,863917436-9,Donnell,Sheer,425-886-6782,6447 Loomis Pass
jscoylesp5,372593425-8,Jayson,Scoyles,425-471-2778,58 Alpine Drive
ggeatorp6,415774963-4,Gannon,Geator,358-691-6893,286 Heffernan Lane
mmacturloughp7,137202007-1,Marcile,MacTurlough,579-722-7969,797 Marquette Center
lomandp8,710185032-4,Locke,Omand,800-375-7467,1 Forest Run Hill
srenahanp9,407589535-1,Skipton,Renahan,755-378-0779,84674 Briar Crest Avenue
esannespa,387357721-6,Emili,Sannes,168-820-9458,02 Forest Road
mguiettpb,705016989-7,Morgana,Guiett,660-473-5437,0 Myrtle Street
cgemmillpc,074760227-1,Chrystal,Gemmill,337-813-4511,0586 1st Street
tkinverpd,042052666-8,Terri-jo,Kinver,853-271-7464,3 Union Junction
gmarnanepe,641025802-X,Galven,Marnane,795-202-3267,967 Springs Pass
sbeddinpf,297978472-9,Sula,Beddin,720-361-5490,2 Division Point
mweldrakepg,120640216-4,Mommy,Weldrake,209-455-1183,1 Maywood Place
mstammerph,365297588-X,Muffin,Stammer,311-179-6752,66298 Moulton Street
crutherforthpi,145008672-1,Clo,Rutherforth,502-661-0811,4497 Boyd Lane
lhavepj,509934027-X,Lauren,Have,937-447-7510,03 Brentwood Lane
affordepk,512451718-2,Auroora,Fforde,545-375-2952,46 Manley Center
bsmeethpl,595883853-9,Barny,Smeeth,324-833-3028,9 Crescent Oaks Point
mgriffoenpm,263187378-5,Maritsa,Griffoen,879-776-2893,63957 Lien Point
ajuettpn,602960145-8,Annecorinne,Juett,844-536-3651,5 Troy Parkway
fwalstowpo,195342284-5,Fran,Walstow,337-725-6080,6 Dennis Drive
jjudsonpp,470503985-8,Jaimie,Judson,235-938-7892,20 Forest Run Point
figlesiazpq,899788313-5,Franny,Iglesiaz,129-322-4890,917 Mockingbird Terrace
tstoutepr,933126523-9,Teresita,Stoute,943-768-6598,397 Cordelia Plaza
thurndallps,120013297-1,Theodor,Hurndall,717-933-5622,26 Graedel Point
mshearapt,627112733-9,Margaretha,Sheara,197-589-2967,90 Cambridge Park
jravillaspu,007177020-8,Jaimie,Ravillas,770-852-5596,0 Hallows Point
sstanningpv,918459550-7,Sterne,Stanning,213-759-4015,979 Crest Line Alley
jtrewinpw,539202600-1,Junina,Trewin,195-627-0080,9 Gale Way
jsarverpx,836618700-4,Juan,Sarver,320-799-4195,16 Petterle Point
kdodsleypy,499661882-5,Kailey,Dodsley,685-783-0964,60 Stephen Alley
mkippaxpz,476751423-1,Maxie,Kippax,866-283-1071,4033 Truax Pass
eginiq0,861395410-3,Elke,Gini,620-278-5839,91 Chinook Trail
fshailerq1,373578493-3,Fancy,Shailer,781-839-3041,28 Forest Run Lane
elapreeq2,370777766-9,Eulalie,Lapree,727-737-2923,19495 Kenwood Trail
shellyarq3,426162124-X,Salem,Hellyar,898-912-4852,7693 Jenna Place
lbondesenq4,955679064-0,Lorry,Bondesen,789-665-4131,992 Monument Alley
mkivelleq5,318366739-8,Muriel,Kivelle,929-754-7489,51 Atwood Lane
bguinnaneq6,697600585-4,Bearnard,Guinnane,193-865-2951,01174 Aberg Park
ceddinsq7,718596710-4,Cathie,Eddins,765-852-1899,95773 Trailsway Hill
rdabneyq8,780600840-3,Redd,Dabney,117-385-0733,7680 Commercial Hill
solyfatq9,223105186-9,Silvana,Olyfat,923-169-8488,81 Carioca Terrace
tblanchflowerqa,624776023-X,Thomas,Blanchflower,226-848-0161,6410 Summerview Pass
mtraharqb,547406626-0,Mickie,Trahar,425-795-0163,033 Old Shore Street
mmccafferyqc,256849190-6,Mitchael,McCaffery,546-689-1510,660 Bayside Road
dtredgerqd,096781575-4,Dolf,Tredger,308-721-2419,18 Corben Trail
kbernardesqe,976994290-1,Kristine,Bernardes,796-674-0534,720 Bonner Point
tjozsikaqf,554268075-5,Tiebout,Jozsika,514-571-2570,69 8th Point
ascottiniqg,016255399-4,Angelique,Scottini,473-184-4803,79 Glacier Hill Park
nbywayqh,324228463-1,Nonna,Byway,614-239-4614,31227 Carpenter Drive
gemmittqi,524604937-X,Gare,Emmitt,432-786-8232,9 Northport Plaza
npagettqj,949473759-8,Niels,Pagett,991-269-9323,63795 Bellgrove Lane
lsyalvesterqk,695642277-8,Lucia,Syalvester,759-571-1193,6432 Veith Trail
lduferql,860202200-X,Loren,Dufer,262-325-0664,84 Reinke Place
agregolqm,875189047-X,Annalee,Gregol,510-569-6347,23577 Monument Alley
alilburneqn,164822539-X,Adelheid,Lilburne,147-197-3469,79445 Kenwood Parkway
dburneqo,854994485-8,Del,Burne,129-632-9086,08 Golf Street
ohaccletonqp,540179590-4,Oliy,Haccleton,758-430-8212,00 Carpenter Place
mfancuttqq,255482531-9,Mae,Fancutt,597-933-7946,28419 Forest Dale Avenue
aluetchfordqr,142139033-7,Angel,Luetchford,904-911-4797,8 Truax Way
fmcalpinqs,441876573-5,Fran,McAlpin,127-724-7227,966 Old Shore Place
zlicasqt,661605721-6,Zandra,Licas,727-432-4643,44029 Eggendart Trail
agutchqu,810605556-6,Archibald,Gutch,573-280-2411,0 Haas Trail
bmacelholmqv,510606852-5,Brietta,MacElholm,821-219-6196,96 Towne Junction
mvasyaginqw,344119569-8,Myrlene,Vasyagin,520-190-6249,493 Reindahl Alley
tfishleighqx,286953162-1,Tome,Fishleigh,877-492-8616,31 Norway Maple Way
jluckwellqy,208104719-5,Jeremias,Luckwell,172-852-4059,85878 Rieder Point
ncohnqz,944586606-1,Niles,Cohn,383-110-4483,13601 Marcy Alley
rlowler0,970509535-3,Rosmunda,Lowle,103-164-6587,9 Fordem Way
cvictoryr1,265417186-8,Candis,Victory,342-258-5952,38011 Memorial Trail
tdaldanr2,102983671-X,Thaddus,Daldan,217-157-1360,701 Oakridge Street
dferfuller3,945431129-8,Darcie,Ferfulle,432-817-6911,24359 Mosinee Avenue
mshurmanr4,709142081-0,Marji,Shurman,879-398-5942,58671 Heffernan Hill
oalbanyr5,674223168-8,Oberon,Albany,236-696-4676,24 Riverside Road
hcuffr6,243310541-2,Hastings,Cuff,871-393-0363,63019 Red Cloud Road
bpinkertonr7,385441071-9,Betta,Pinkerton,229-392-6609,536 Susan Alley
wscardafieldr8,526516440-5,Wyatan,Scardafield,145-804-7047,088 Anthes Court
nfieldenr9,402368421-X,Nisse,Fielden,268-209-8626,4 Daystar Avenue
tnobletra,891403073-3,Tremayne,Noblet,456-144-1278,1900 Eggendart Crossing
mmerricksrb,037994008-6,Malanie,Merricks,254-436-3047,47776 Stuart Crossing
qwhitleyrc,207810202-4,Quincey,Whitley,306-152-0566,5 Goodland Pass
kbisattrd,731729925-1,Karola,Bisatt,417-585-4523,33867 Florence Drive
smchalere,088243059-9,Susannah,McHale,672-845-0930,247 Center Junction
jhowardrf,353531803-3,Johnny,Howard,815-301-4260,638 Sauthoff Court
hmughalrg,051284253-1,Hammad,Mughal,511-800-3290,59460 Lakewood Gardens Hill
hpinkertonrh,386576071-6,Harmonie,Pinkerton,848-264-0298,180 Columbus Crossing
ddurrettri,498439614-8,Debra,Durrett,234-136-7479,91 Donald Circle
rnoblettrj,371254019-1,Reece,Noblett,712-763-3474,99044 Fieldstone Drive
awinfieldrk,574542947-X,Annabal,Winfield,778-765-6771,8 1st Plaza
mputtergillrl,567817251-4,Maressa,Puttergill,889-459-9340,84 Barnett Avenue
ddrippsrm,762221784-0,Delphinia,Dripps,261-845-5467,22579 Elgar Junction
cmcpartlinrn,327864158-2,Crystal,McPartlin,512-213-2959,547 Gulseth Pass
enorthoverro,116350531-5,Evangeline,Northover,441-573-6838,23032 7th Center
agoodenrp,132972777-0,Alana,Gooden,551-314-3040,3 Nancy Avenue
rtethacotrq,939886283-2,Rozalie,Tethacot,134-808-8807,87855 Porter Circle
ssturmrr,055477538-7,Sile,Sturm,123-389-1885,5419 Merry Terrace
